<application>
  <component name="CodeInsightSettings">
    <option name="completionCaseSensitive" value="2" />
    <option name="COMPLETION_CASE_SENSITIVE" value="2" />
  </component>
  <component name="DefaultFont">
    <option name="FONT_SIZE" value="16" />
    <option name="FONT_REGULAR_SUB_FAMILY" value="Regular" />
    <option name="FONT_BOLD_SUB_FAMILY" value="Bold" />
    <option name="USE_LIGATURES" value="true" />
  </component>
  <component name="EditorSettings">
    <option name="USE_SOFT_WRAPS" value="" />
  </component>
  <component name="InlayHintsSettings">
    <option name="lastViewedProviderKeyId" value="Scala.ScalaMethodChainInlayHintsSettingsModel" />
  </component>
  <component name="TodoConfiguration">
    <pattern pattern="\btodo\b.*" />
    <pattern pattern="\bfixme\b.*" />
    <pattern pattern="\blqx\b.*" />
    <pattern pattern="\bxdh\b.*" />
    <pattern pattern="\blch\b.*" />
    <pattern pattern="\bzqr\b.*" />
    <pattern pattern="\bcsf\b.*" />
    <pattern pattern="\btemp\b.*" />
    <filter name="lqx">
      <pattern index="2" />
    </filter>
  </component>
</application>