<application>
  <component name="FileTypeManager" version="18">
    <extensionMap>
      <mapping pattern="synthResults" type="AUTO_DETECTED" />
      <mapping pattern="results" type="AUTO_DETECTED" />
      <mapping pattern="baseModulusTernaryTree" type="AUTO_DETECTED" />
      <mapping pattern="baseModulusTernaryTreeBetter" type="AUTO_DETECTED" />
      <mapping pattern="compare0" type="AUTO_DETECTED" />
      <mapping pattern="compare1" type="AUTO_DETECTED" />
      <mapping pattern="line" type="AUTO_DETECTED" />
      <mapping pattern="BLS12377POINTS" type="AUTO_DETECTED" />
      <mapping pattern="testArchive" type="AUTO_DETECTED" />
      <mapping pattern="spiralExample" type="AUTO_DETECTED" />
      <mapping pattern="cost" type="AUTO_DETECTED" />
      <mapping ext="space.kts" type="Kotlin" />
      <mapping ext="gradle.kts" type="Kotlin" />
      <mapping ext="main.kts" type="Kotlin" />
      <mapping ext="dcp" type="PLAIN_TEXT" />
      <mapping ext="rpt" type="PLAIN_TEXT" />
      <mapping ext="tcl" type="PLAIN_TEXT" />
      <mapping ext="v" type="PLAIN_TEXT" />
      <mapping ext="sv" type="PLAIN_TEXT" />
      <mapping ext="fst" type="PLAIN_TEXT" />
      <mapping ext="xdc" type="PLAIN_TEXT" />
      <removed_mapping ext="apk" approved="true" type="ARCHIVE" />
      <removed_mapping ext="psd" approved="true" type="Image" />
      <removed_mapping ext="v" approved="true" type="Verilog" />
    </extensionMap>
  </component>
</application>